-- =====================================================
-- 游导伴旅网站示例数据填充SQL
-- =====================================================
-- 
-- 执行方法：
-- 1. 登录 Supabase Dashboard: https://jaxqsypcocrlsbmmbqh.supabase.co
-- 2. 进入 SQL Editor
-- 3. 新建查询，粘贴本文件内容
-- 4. 点击 "Run" 执行
--
-- 注意：如果表已存在数据，可先清空：
-- TRUNCATE TABLE users, guide_profiles, reviews, learning_records CASCADE;
-- =====================================================

-- =====================================================
-- 1. 用户数据 (users)
-- =====================================================
INSERT INTO users (id, email, nickname, avatar, created_at) VALUES
('11111111-1111-1111-1111-111111111111', 'zhang_li@example.com', '张小莉', '👩‍💼', NOW() - INTERVAL '90 days'),
('22222222-2222-2222-2222-222222222222', 'wang_fang@example.com', '王芳', '👩‍🎨', NOW() - INTERVAL '75 days'),
('33333333-3333-3333-3333-333333333333', 'li_ming@example.com', '李明', '👨‍🔧', NOW() - INTERVAL '60 days'),
('44444444-4444-4444-4444-444444444444', 'chen_wei@example.com', '陈伟', '👨‍💻', NOW() - INTERVAL '45 days'),
('55555555-5555-5555-5555-555555555555', 'liu_yang@example.com', '刘洋', '👩‍🏫', NOW() - INTERVAL '30 days'),
('66666666-6666-6666-6666-666666666666', 'zhao_min@example.com', '赵敏', '👩‍⚕️', NOW() - INTERVAL '20 days'),
('77777777-7777-7777-7777-777777777777', 'sun_lei@example.com', '孙磊', '👨‍🍳', NOW() - INTERVAL '15 days');

-- =====================================================
-- 2. 导游数据 (guide_profiles)
-- =====================================================
INSERT INTO guide_profiles (
    user_id, name, avatar, title, years, rating, reviews,
    languages, specialties, cities, bio, price, verified,
    agency, license, service_types, created_at
) VALUES
(
    'aaaa1111-1111-1111-1111-111111111111', '张伟导游', '👨‍🏫',
    '资深中文导游 | 故宫特邀讲解员', 12, 4.9, 328,
    ARRAY['普通话', '英语', '粤语'],
    ARRAY['历史文化', '建筑艺术', '摄影打卡'],
    ARRAY['北京', '承德'],
    '专注北京历史十余年，曾为多位政商名流提供讲解服务。故宫博物院特邀讲解员，对明清历史有独到见解。擅长将历史故事与现代视角结合，让游客在轻松愉快的氛围中感受中华文化的博大精深。',
    580, true,
    '北京中轴线国际旅行社', 'D-1100-2014-001234',
    ARRAY['私人定制', '深度讲解', '周边导览'],
    NOW() - INTERVAL '365 days'
),
(
    'bbbb2222-2222-2222-2222-222222222222', '李静导览', '👩‍🏫',
    '金牌导游 | 美食达人', 8, 4.8, 256,
    ARRAY['普通话', '上海话', '日语'],
    ARRAY['美食探店', '城市漫步', '小众景点'],
    ARRAY['上海', '苏州', '杭州'],
    '土生土长上海人，热爱这座城市的每一个角落。从百年老字号到网红新店，带你尝遍地道上海味道。擅长发掘不为人知的小众景点，让你的上海之旅与众不同。',
    520, true,
    '上海滩文化传播公司', 'D-3100-2016-005678',
    ARRAY['美食之旅', 'CityWalk', '商务接待'],
    NOW() - INTERVAL '300 days'
),
(
    'cccc3333-3333-3333-3333-333333333333', '王志远', '👨‍🦱',
    '考古学硕士 | 历史深度游专家', 15, 5.0, 412,
    ARRAY['普通话', '英语', '法语'],
    ARRAY['历史文化', '博物馆讲解', '学术考察'],
    ARRAY['西安', '洛阳', '敦煌'],
    '西安交通大学考古学硕士毕业，曾参与多项重大考古发掘项目。对秦汉唐历史有深入研究，是多家博物馆的特邀讲师。带孩子来西安考古绝对是最佳选择！',
    650, true,
    '丝路文明国际旅行社', 'D-6100-2009-003456',
    ARRAY['学术考察', '亲子游', '深度文化游'],
    NOW() - INTERVAL '400 days'
),
(
    'dddd4444-4444-4444-4444-444444444444', '陈蓉导游', '👩‍🦰',
    '川妹子 | 川菜美食专家', 6, 4.7, 189,
    ARRAY['普通话', '四川话', '英语'],
    ARRAY['美食探店', '川剧变脸', '自然风光'],
    ARRAY['成都', '乐山', '峨眉山'],
    '土生土长成都妹儿，带你吃最地道的火锅、串串、冒菜。熟悉成都的大街小巷，能用最local的方式带你玩转天府之国。晚上还可以带你去看川剧变脸，体验巴蜀文化的独特魅力。',
    450, true,
    '蜀韵旅游文化公司', 'D-5100-2018-007890',
    ARRAY['美食之旅', '周末周边游', '夜生活体验'],
    NOW() - INTERVAL '200 days'
),
(
    'eeee5555-5555-5555-5555-555555555555', '刘建导游', '👨‍🦳',
    '西湖文化研究者 | 诗词导游', 20, 4.9, 523,
    ARRAY['普通话', '英语', '日语', '韩语'],
    ARRAY['诗词文化', '园林艺术', '茶文化'],
    ARRAY['杭州', '绍兴', '乌镇'],
    '研究西湖文化三十余年，是《西湖志》编纂顾问之一。熟读历代文人墨客留下的诗词歌赋，能带你沿着白居易、苏轼的足迹，感受诗画江南的独特韵味。',
    680, true,
    '江南水乡国际旅行社', 'D-3300-2004-002345',
    ARRAY['文化深度游', '诗词之旅', '茶艺体验'],
    NOW() - INTERVAL '500 days'
),
(
    'ffff6666-6666-6666-6666-666666666666', '杨丽导览', '👩‍🦱',
    '漓江代言人 | 摄影指导师', 7, 4.8, 267,
    ARRAY['普通话', '英语'],
    ARRAY['自然风光', '摄影之旅', '户外徒步'],
    ARRAY['桂林', '阳朔', '龙脊梯田'],
    '桂林山水是我的家乡，这里每一个日出日落、每一片晨雾晚霞都让我沉醉。我还考取了摄影指导师资格证，能帮你拍出刷爆朋友圈的大片！无论是骑行十里画廊还是漂流漓江，都能让你的桂林之旅不留遗憾。',
    480, true,
    '桂林山水国际旅游社', 'D-4500-2017-006789',
    ARRAY['摄影之旅', '户外徒步', '亲子体验'],
    NOW() - INTERVAL '250 days'
),
(
    'gggg7777-7777-7777-7777-777777777777', '马超导游', '👨‍🦲',
    '三亚资深导游 | 海岛度假专家', 9, 4.6, 198,
    ARRAY['普通话', '海南话', '英语'],
    ARRAY['海岛度假', '潜水体验', '亲子乐园'],
    ARRAY['三亚', '海口', '万宁'],
    '在海南从事导游工作近十年，对这片热带天堂了如指掌。从亚龙湾到蜈支洲岛，从天涯海角到南山寺，带你玩转海南所有必打卡景点。擅长根据不同人群定制行程，是家庭出游和蜜月旅行的首选。',
    420, true,
    '海南海韵旅行社', 'D-4600-2015-008901',
    ARRAY['海岛度假', '潜水浮潜', '亲子游'],
    NOW() - INTERVAL '320 days'
),
(
    'hhhh8888-8888-8888-8888-888888888888', '阿贵导游', '👨‍🌾',
    '纳西族 | 丽江活地图', 10, 4.9, 345,
    ARRAY['普通话', '纳西语', '英语'],
    ARRAY['少数民族文化', '古镇探索', '徒步穿越'],
    ARRAY['丽江', '大理', '香格里拉', '泸沽湖'],
    '我是纳西族人，祖辈世代生活在玉龙雪山脚下。带你走进真正的纳西古寨，听老东巴讲古老的东巴文化。熟悉茶马古道的历史，能带你走那些旅行团不会去的秘境。蓝天白云、古城小桥，总有一处能触动你的心。',
    550, true,
    '彩云之南民族旅行社', 'D-5300-2014-004567',
    ARRAY['少数民族探秘', '徒步探险', '摄影之旅'],
    NOW() - INTERVAL '380 days'
),
(
    'iiii9999-9999-9999-9999-999999999999', '赵敏导游', '👩‍🦳',
    '博物馆高级讲解员 | 亲子教育专家', 11, 4.8, 278,
    ARRAY['普通话', '英语', '德语'],
    ARRAY['博物馆讲解', '亲子教育', '学术考察'],
    ARRAY['北京', '上海', '南京'],
    '国家博物馆十年讲解经验，擅长将晦涩的历史知识转化为生动有趣的故事。是三个孩子的妈妈，特别懂得如何让小朋友在旅行中学到知识、收获快乐。跟着我逛博物馆，绝对不会无聊！',
    600, true,
    '博悟教育旅行社', 'D-1100-2013-005678',
    ARRAY['亲子游', '研学旅行', '博物馆深度游'],
    NOW() - INTERVAL '420 days'
),
(
    'jjjj0000-0000-0000-0000-000000000000', '小林导览', '👨‍🎓',
    '90后新锐导游 | 网红打卡专家', 4, 4.7, 156,
    ARRAY['普通话', '英语', '西班牙语'],
    ARRAY['网红打卡', '夜生活', '潮流文化'],
    ARRAY['重庆', '成都', '武汉'],
    '90后导游一枚，活跃在各社交平台。专治"不知道去哪玩"和"不知道怎么拍照"两大难题！带你解锁最local的苍蝇馆子、最出片的拍照机位、最热闹的夜市酒吧。用年轻人的视角，重新定义旅行的意义。',
    380, false,
    '新青年国际旅行社', 'D-5000-2020-009012',
    ARRAY['CityWalk', '美食之旅', '夜生活体验'],
    NOW() - INTERVAL '150 days'
),
(
    'kkkk1111-1111-1111-1111-111111111112', '周师傅', '👨‍🔧',
    '老北京 | 胡同文化守护者', 18, 4.9, 389,
    ARRAY['普通话', '北京话', '日语'],
    ARRAY['胡同文化', '老北京美食', '非遗体验'],
    ARRAY['北京'],
    '地道的北京胡同大爷，在这片土地上生活了五十多年。骑一辆三轮车，带你穿行在老北京的胡同里，听那些老宅门的故事，尝最正宗的豆汁焦圈。抖空竹、捏面人、吹糖人...老北京的玩意儿，我都门儿清。',
    450, true,
    '北京胡同文化传播中心', 'D-1100-2006-001890',
    ARRAY['胡同深度游', '三轮车游览', '非遗体验'],
    NOW() - INTERVAL '450 days'
),
(
    'llll2222-2222-2222-2222-222222222223', '阿诗导游', '👩‍💃',
    '白族金花 | 洱海代言人', 8, 4.8, 234,
    ARRAY['普通话', '白语', '英语'],
    ARRAY['少数民族文化', '洱海骑行', '茶文化'],
    ARRAY['大理', '丽江', '香格里拉'],
    '我是大理白族姑娘，阿诗是我的名字。我们白族姑娘都叫"金花"，欢迎来到我的家乡！骑电动车环洱海、爬苍山采茶、逛周城扎染...带你体验最原汁原味的白族生活。风花雪月的大理，等你来！',
    520, true,
    '苍山洱海民族旅行社', 'D-5300-2016-006234',
    ARRAY['环洱海骑行', '扎染体验', '茶山之旅'],
    NOW() - INTERVAL '280 days'
);

-- =====================================================
-- 3. 评价数据 (reviews)
-- =====================================================
INSERT INTO reviews (guide_id, user_id, rating, content, service_date, created_at) VALUES
-- 张伟导游的评价
('aaaa1111-1111-1111-1111-111111111111', '11111111-1111-1111-1111-111111111111', 5,
 '张导的讲解太精彩了！原本以为故宫就是看看房子，没想到张导把每个殿的历史故事讲得栩栩如生。孩子听得入了迷，回来后还让我们买了本故宫的书继续看。强烈推荐！',
 '2024-03-15', NOW() - INTERVAL '45 days'),
('aaaa1111-1111-1111-1111-111111111111', '22222222-2222-2222-2222-222222222222', 5,
 '第二次请张导了，这次带父母来北京。张导非常有耐心，考虑到老人体力，每站都安排了休息。讲解深入浅出，连我这个历史迷都觉得收获颇丰。故宫深度游找他准没错！',
 '2024-04-02', NOW() - INTERVAL '30 days'),
('aaaa1111-1111-1111-1111-111111111111', '33333333-3333-3333-3333-333333333333', 5,
 '从故宫到长城，张导全程专业又贴心。帮我们避开了所有坑人的购物点，还推荐了当地人常去的炸酱面馆。张导的摄影技术也很棒，帮我拍了好多故宫大片！',
 '2024-04-20', NOW() - INTERVAL '12 days'),

-- 李静导览的评价
('bbbb2222-2222-2222-2222-222222222222', '11111111-1111-1111-1111-111111111111', 5,
 '李静带我们吃的本帮菜太正宗了！蟹粉小笼、响油鳝丝、红烧肉...每一道都让人回味无穷。她知道很多藏在弄堂里的老字号，这是跟团游绝对体验不到的。',
 '2024-03-20', NOW() - INTERVAL '42 days'),
('bbbb2222-2222-2222-2222-222222222222', '44444444-4444-4444-4444-444444444444', 4,
 '李静安排的行程很合理，既有外滩陆家嘴的现代都市感，又去了思南公馆、武康路这些文艺小资的地方。不过武康路网红拍照点人太多了，建议早点去。',
 '2024-04-10', NOW() - INTERVAL '25 days'),
('bbbb2222-2222-2222-2222-222222222222', '55555555-5555-5555-5555-555555555555', 5,
 '商务接待选的李静，非常专业！安排的餐厅和景点都很高端，而且时间把控得很好。客户对这次上海之行非常满意，说下次来还要找她。',
 '2024-04-18', NOW() - INTERVAL '15 days'),

-- 王志远的评价
('cccc3333-3333-3333-3333-333333333333', '22222222-2222-2222-2222-222222222222', 5,
 '王导是真正的考古专家！去兵马俑的时候，他讲的那些历史细节和考古发现的小故事，比任何导游词都精彩。孩子听完说以后要当考古学家！',
 '2024-03-18', NOW() - INTERVAL '48 days'),
('cccc3333-3333-3333-3333-333333333333', '33333333-3333-3333-3333-333333333333', 5,
 '研究唐文化这么多年，终于遇到一位真正懂的导游！王导对大明宫、芙蓉园的历史了如指掌，讲解既有学术深度又通俗易懂。强烈推荐给历史爱好者！',
 '2024-04-05', NOW() - INTERVAL '28 days'),
('cccc3333-3333-3333-3333-333333333333', '66666666-6666-6666-6666-666666666666', 5,
 '从西安到洛阳，王导全程陪同四天。每一个博物馆、每一处遗址都讲得深入透彻。碑林里的书法、大雁塔的故事、华清宫的长恨歌...这次文化之旅太值了！',
 '2024-04-15', NOW() - INTERVAL '18 days'),

-- 陈蓉导游的评价
('dddd4444-4444-4444-4444-444444444444', '11111111-1111-1111-1111-111111111111', 5,
 '成都妹子太热情了！带我们吃的火锅、串串、冒菜一家比一家好吃，连我这个四川胃都服气。熊猫基地也安排得合理，看到了好多萌萌的熊猫宝宝！',
 '2024-03-25', NOW() - INTERVAL '40 days'),
('dddd4444-4444-4444-4444-444444444444', '44444444-4444-4444-4444-444444444444', 4,
 '陈蓉安排的行程很轻松，适合我们这种不想太累的游客。峨眉山虽然只爬了一小段，但金顶的日出真的美哭了！唯一的遗憾是没能看到乐山大佛全貌。',
 '2024-04-08', NOW() - INTERVAL '27 days'),
('dddd4444-4444-4444-4444-444444444444', '77777777-7777-7777-7777-777777777777', 5,
 '晚上去看川剧变脸太震撼了！陈蓉提前帮我们订了最好的位置，演出结束还带我们去后台和演员合影。成都的夜生活原来这么精彩！',
 '2024-04-12', NOW() - INTERVAL '22 days'),

-- 刘建导游的评价
('eeee5555-5555-5555-5555-555555555555', '22222222-2222-2222-2222-222222222222', 5,
 '刘导对西湖文化的理解太深了！沿着苏堤漫步，听他讲苏轼当年写诗的故事，感觉自己也穿越到了宋朝。他还带我们去了龙井村品茶，茶香四溢，美不胜收。',
 '2024-03-22', NOW() - INTERVAL '44 days'),
('eeee5555-5555-5555-5555-555555555555', '55555555-5555-5555-5555-555555555555', 5,
 '预约了刘导的乌镇一日游，从东栅到西栅，每一处都讲得绘声绘色。晚上坐摇橹船看夜景，刘导还给我们唱了几首江南小调，太有意境了！',
 '2024-04-01', NOW() - INTERVAL '32 days'),
('eeee5555-5555-5555-5555-555555555555', '66666666-6666-6666-6666-666666666666', 5,
 '带着父母来杭州，刘导全程照顾得非常周到。行程不紧不慢，还特意安排了适合老人的休息点。西湖醋鱼和龙井虾仁吃的是正宗杭州味道，父母很满意！',
 '2024-04-16', NOW() - INTERVAL '17 days'),

-- 杨丽导览的评价
('ffff6666-6666-6666-6666-666666666666', '11111111-1111-1111-1111-111111111111', 5,
 '杨导的摄影技术真是一绝！在相公山等日出的时候，她帮我们拍的照片张张都是大片。漓江竹筏漂流、阳朔骑行，每一个项目都安排得很完美。',
 '2024-03-28', NOW() - INTERVAL '38 days'),
('ffff6666-6666-6666-6666-666666666666', '33333333-3333-3333-3333-333333333333', 5,
 '龙脊梯田的秋收季节太美了！杨导带我们走了当地人才知道的小路，看到了金灿灿的稻田和原生态的瑶族村寨。这一趟广西行，收获满满！',
 '2024-04-03', NOW() - INTERVAL '30 days'),
('ffff6666-6666-6666-6666-666666666666', '44444444-4444-4444-4444-444444444444', 4,
 '遇龙河漂流超级浪漫！杨导推荐的竹筏师傅人很好，中途还停船让我们拍照。不过四月的桂林雾比较大，想拍照的话建议选择晴天。',
 '2024-04-11', NOW() - INTERVAL '23 days'),

-- 马超导游的评价
('gggg7777-7777-7777-7777-777777777777', '22222222-2222-2222-2222-222222222222', 5,
 '第一次来三亚，马导帮我们避开了所有购物陷阱！蜈支洲岛的水上项目玩得超开心，南山寺的素斋也非常好吃。行程安排合理，价格透明，点赞！',
 '2024-03-30', NOW() - INTERVAL '36 days'),
('gggg7777-7777-7777-7777-777777777777', '55555555-5555-5555-5555-555555555555', 4,
 '带老人和孩子来三亚，马导照顾得很周到。亚龙湾的海水很清澈，孩子玩得很开心。不过天涯海角就是两块石头，性价比一般。',
 '2024-04-07', NOW() - INTERVAL '28 days'),

-- 阿贵导游的评价
('hhhh8888-8888-8888-8888-888888888888', '11111111-1111-1111-1111-111111111111', 5,
 '阿贵叔太热情了！纳西族的东巴文化讲得深入浅出，带我们去了他小时候生活的古寨，吃了正宗的纳西烤肉。泸沽湖的日出简直美到窒息，感谢阿贵叔全程照顾！',
 '2024-04-01', NOW() - INTERVAL '32 days'),
('hhhh8888-8888-8888-8888-888888888888', '33333333-3333-3333-3333-333333333333', 5,
 '阿贵导带我走了茶马古道上的一段徒步路线，沿途风景绝美，还能看到野生的滇金丝猴！这是在任何旅行团都体验不到的项目。香格里拉的松赞林寺讲解也非常专业。',
 '2024-04-09', NOW() - INTERVAL '26 days'),
('hhhh8888-8888-8888-8888-888888888888', '66666666-6666-6666-6666-666666666666', 5,
 '第二次找阿贵了，这次走的是大理-丽江-香格里拉环线。阿贵对这条线路太熟悉了，每一站的特色美食和住宿都安排得很好。丽江古城的夜晚很美，阿贵推荐的酒吧也很棒！',
 '2024-04-14', NOW() - INTERVAL '20 days'),

-- 赵敏导游的评价
('iiii9999-9999-9999-9999-999999999999', '44444444-4444-4444-4444-444444444444', 5,
 '赵导是三个孩子的妈妈，特别懂得怎么跟小朋友互动！国家博物馆的讲解生动有趣，孩子听得津津有味。青铜器、陶俑、书法...原来历史可以这么有趣！',
 '2024-04-06', NOW() - INTERVAL '27 days'),
('iiii9999-9999-9999-9999-999999999999', '77777777-7777-7777-7777-777777777777', 5,
 '带孩子来北京研学，赵导帮我们设计了三天的主题路线。故宫、军博、自然博物馆...每个地方都有互动体验环节，孩子说这是最棒的假期！',
 '2024-04-13', NOW() - INTERVAL '21 days'),

-- 小林导览的评价
('jjjj0000-0000-0000-0000-000000000000', '55555555-5555-5555-5555-555555555555', 5,
 '小林太懂年轻人的喜好了！带我们去了洪崖洞、鹅岭二厂这些网红打卡地，照片拍出来朋友圈点赞破百。重庆火锅和小面推荐得也很地道，辣得很过瘾！',
 '2024-04-04', NOW() - INTERVAL '29 days'),
('jjjj0000-0000-0000-0000-000000000000', '66666666-6666-6666-6666-666666666666', 4,
 '小林安排的重庆CityWalk很有意思，穿街过巷的路线设计得很棒。不过他推荐的某个网红餐厅排队太久，建议避开饭点。总体体验很不错！',
 '2024-04-17', NOW() - INTERVAL '16 days'),

-- 周师傅的评价
('kkkk1111-1111-1111-1111-111111111112', '11111111-1111-1111-1111-111111111111', 5,
 '周师傅的三轮车胡同游太有意思了！穿过南锣鼓巷、什刹海，听他讲老北京的故事，感觉回到了小时候。豆汁焦圈、驴打滚、艾窝窝...吃的是地道的北京味！',
 '2024-03-26', NOW() - INTERVAL '39 days'),
('kkkk1111-1111-1111-1111-111111111112', '22222222-2222-2222-2222-222222222222', 5,
 '周师傅是个地道的北京通！带我们去了雍和宫、白塔寺这些游客很少去的地方，讲的典故比书上写的还精彩。还教我们抖空竹、捏面人，孩子玩得特别开心。',
 '2024-04-10', NOW() - INTERVAL '25 days'),
('kkkk1111-1111-1111-1111-111111111112', '55555555-5555-5555-5555-555555555555', 5,
 '这次北京之旅最难忘的就是周师傅的胡同游。骑三轮车穿过老北京的巷子，听着周师傅一口京片子讲故事，这种体验只有在胡同里才能感受到。强烈推荐！',
 '2024-04-19', NOW() - INTERVAL '14 days'),

-- 阿诗导游的评价
('llll2222-2222-2222-2222-222222222223', '33333333-3333-3333-3333-333333333333', 5,
 '阿诗是地道的白族金花，带我们体验了扎染、品味了三道茶。洱海边骑行超浪漫，苍山的风景也很壮观。她对白族文化的讲解让我们对这片土地有了更深的了解。',
 '2024-04-02', NOW() - INTERVAL '31 days'),
('llll2222-2222-2222-2222-222222222223', '66666666-6666-6666-6666-666666666666', 5,
 '大理的慢生活太惬意了！阿诗带我们环洱海一圈，去了喜洲古镇、周城扎染村。晚上住在双廊的海景民宿，听着海浪声入眠，感觉整个人都放松了下来。',
 '2024-04-11', NOW() - INTERVAL '23 days'),
('llll2222-2222-2222-2222-222222222223', '77777777-7777-7777-7777-777777777777', 5,
 '阿诗安排的茶山之旅太棒了！在苍山脚下采茶、炒茶，品着自己亲手制作的普洱茶，这种体验太难忘了。她还推荐的大理古城美食也很不错，云南之行圆满！',
 '2024-04-15', NOW() - INTERVAL '19 days');

-- =====================================================
-- 4. 学习记录数据 (learning_records) - 示例
-- =====================================================
INSERT INTO learning_records (user_id, question_id, user_answer, is_correct, answered_at, created_at) VALUES
('11111111-1111-1111-1111-111111111111', 1, 'B', true, NOW() - INTERVAL '10 days', NOW() - INTERVAL '10 days'),
('11111111-1111-1111-1111-111111111111', 2, 'A', true, NOW() - INTERVAL '10 days', NOW() - INTERVAL '10 days'),
('11111111-1111-1111-1111-111111111111', 3, 'C', false, NOW() - INTERVAL '10 days', NOW() - INTERVAL '10 days'),
('22222222-2222-2222-2222-222222222222', 1, 'A', false, NOW() - INTERVAL '8 days', NOW() - INTERVAL '8 days'),
('22222222-2222-2222-2222-222222222222', 4, 'B', true, NOW() - INTERVAL '8 days', NOW() - INTERVAL '8 days'),
('33333333-3333-3333-3333-333333333333', 2, 'A', true, NOW() - INTERVAL '5 days', NOW() - INTERVAL '5 days'),
('33333333-3333-3333-3333-333333333333', 5, 'C', true, NOW() - INTERVAL '5 days', NOW() - INTERVAL '5 days'),
('44444444-4444-4444-4444-444444444444', 1, 'B', true, NOW() - INTERVAL '3 days', NOW() - INTERVAL '3 days'),
('44444444-4444-4444-4444-444444444444', 6, 'A', false, NOW() - INTERVAL '3 days', NOW() - INTERVAL '3 days'),
('55555555-5555-5555-5555-555555555555', 3, 'C', true, NOW() - INTERVAL '2 days', NOW() - INTERVAL '2 days');

-- =====================================================
-- 执行完成提示
-- =====================================================
-- SELECT '数据填充完成！' AS status;
-- SELECT COUNT(*) AS user_count FROM users;
-- SELECT COUNT(*) AS guide_count FROM guide_profiles;
-- SELECT COUNT(*) AS review_count FROM reviews;
-- SELECT COUNT(*) AS learning_count FROM learning_records;
